Yamato Sushi,7429 Pacific St,Yamato Sushi,Yamato Sushi,Yamato Sushi
Winchester Bar & Grill,7002 Q St,Winchester Bar & Grill,Winchester Bar & Grill,Winchester Bar & Grill
Whole Foods Market,10020 Regency Cir,Whole Foods Market,Whole Foods Market,Whole Foods Market
Wheatfield's Eatery-Bakery,1224 S 103 ST,Wheatfield's Eatery-Bakery,Wheatfield's Eatery-Bakery,Wheatfield's Eatery-Bakery
Westside Production Kitchen,7667 D ST,Westside Production Kitchen,Westside Production Kitchen,Westside Production Kitchen
Wendy's,4161 S 84th,Wendy's,Wendy's,Wendy's
Wamo Food Market,1604 NW Radial Hwy,Wamo Food Market,Wamo Food Market,Wamo Food Market
Walmart #4358,1606 S 72nd ST,Walmart #4358,Walmart #4358,Walmart #4358
Walmart #3172,5051 L ST,Walmart #3172,Walmart #3172,Walmart #3172
Walgreens #13137,13510 Q ST,Walgreens #13137,Walgreens #13137,Walgreens #13137
Walgreens #05190,2323 L ST,Walgreens #05190,Walgreens #05190,Walgreens #05190
WONG'S HUNAN GARDEN,5050 S 108 ST,WONG'S HUNAN GARDEN,WONG'S HUNAN GARDEN,WONG'S HUNAN GARDEN
WINNERS LOUNGE,5413 S 72 ST,WINNERS LOUNGE,WINNERS LOUNGE,WINNERS LOUNGE
WILSON FOCUS SCHOOL,5141 F ST,WILSON FOCUS SCHOOL,WILSON FOCUS SCHOOL,WILSON FOCUS SCHOOL
WESTMINSTER COURT,7323 SHIRLEY ST,WESTMINSTER COURT,WESTMINSTER COURT,WESTMINSTER COURT
WESTERN BOWL LLC,4725 S 131 ST,WESTERN BOWL LLC,WESTERN BOWL LLC,WESTERN BOWL LLC
WEST LANES BOWL,151 N 72 ST,WEST LANES BOWL,WEST LANES BOWL,WEST LANES BOWL
WEST DODGE STATION ELEM,18480 CALIFORNIA ST,WEST DODGE STATION ELEM,WEST DODGE STATION ELEM,WEST DODGE STATION ELEM
WAYSIDE TAVERN,8503 MAPLE ST,WAYSIDE TAVERN,WAYSIDE TAVERN,WAYSIDE TAVERN
Valentino's Northwest,10190 Maple,Valentino's Northwest,Valentino's Northwest,Valentino's Northwest
VILLAGIO PIZZERIA,6922 N 102 CIR,VILLAGIO PIZZERIA,VILLAGIO PIZZERIA,VILLAGIO PIZZERIA
VILLAGE INN #801,3839 N 138 ST,VILLAGE INN #801,VILLAGE INN #801,VILLAGE INN #801
VILLAGE INN #0131,5425 L ST,VILLAGE INN #0131,VILLAGE INN #0131,VILLAGE INN #0131
VILLAGE INN #0046,10770 M ST,VILLAGE INN #0046,VILLAGE INN #0046,VILLAGE INN #0046
VILLAGE AT PACIFIC SPRINGS THE,805 S 173 PLZ,VILLAGE AT PACIFIC SPRINGS THE,VILLAGE AT PACIFIC SPRINGS THE,VILLAGE AT PACIFIC SPRINGS THE
VIA FARINA,1108 S 10 ST,VIA FARINA,VIA FARINA,VIA FARINA
UPSTREAM BREWING COMPANY,514 S 11 ST,UPSTREAM BREWING COMPANY,UPSTREAM BREWING COMPANY,UPSTREAM BREWING COMPANY
Tobacco Hut #1,5826 Maple ST,Tobacco Hut #1,Tobacco Hut #1,Tobacco Hut #1
Tobacco & Phones 4 Less,2014 L ST,Tobacco & Phones 4 Less,Tobacco & Phones 4 Less,Tobacco & Phones 4 Less
Therapy Bar & Grill,5059 S 108th ST,Therapy Bar & Grill,Therapy Bar & Grill,Therapy Bar & Grill
Tasty Bakery,2527 N 72 St,Tasty Bakery,Tasty Bakery,Tasty Bakery
Taste of India,3572 Leavenworth,Taste of India,Taste of India,Taste of India
Target,7200 Dodge St,Target,Target,Target
Taqueria El Rey III,1837 Vinton St,Taqueria El Rey III,Taqueria El Rey III,Taqueria El Rey III
Taqueria   El Rey   ,5201 S 24 ST,Taqueria   El Rey   ,Taqueria   El Rey   ,Taqueria   El Rey   
Tanner's Bar & Grill,7340 Harrison ST,Tanner's Bar & Grill,Tanner's Bar & Grill,Tanner's Bar & Grill
Tacos Acapulco,4623 S 33rd St,Tacos Acapulco,Tacos Acapulco,Tacos Acapulco
Taco Johns,350 N 168th Cir,Taco Johns,Taco Johns,Taco Johns
TWISTED CORK BISTRO,10730 PACIFIC ST,TWISTED CORK BISTRO,TWISTED CORK BISTRO,TWISTED CORK BISTRO
TRANQUILITY ICE PLEX,12550 W MAPLE RD,TRANQUILITY ICE PLEX,TRANQUILITY ICE PLEX,TRANQUILITY ICE PLEX
TRACKS LOUNGE,1506 S 60 ST,TRACKS LOUNGE,TRACKS LOUNGE,TRACKS LOUNGE
TIRED TEXAN BBQ,4702 S 108 ST,TIRED TEXAN BBQ,TIRED TEXAN BBQ,TIRED TEXAN BBQ
TIMBER WOODFIRE BISTRO,8702 PACIFIC ST,TIMBER WOODFIRE BISTRO,TIMBER WOODFIRE BISTRO,TIMBER WOODFIRE BISTRO
THUNDERHEAD BREWING TAPROOM,13304 W CENTER RD STE 126,THUNDERHEAD BREWING TAPROOM,THUNDERHEAD BREWING TAPROOM,THUNDERHEAD BREWING TAPROOM
THAI PEPPER,631 N 114 ST,THAI PEPPER,THAI PEPPER,THAI PEPPER
TEXAS ROADHOUSE,520 N 155 PLZ,TEXAS ROADHOUSE,TEXAS ROADHOUSE,TEXAS ROADHOUSE
TERIYAKI EXPRESS,9763 Q ST,TERIYAKI EXPRESS,TERIYAKI EXPRESS,TERIYAKI EXPRESS
TAVERN ON Q,18010 R PLZ,TAVERN ON Q,TAVERN ON Q,TAVERN ON Q
TATTOO BOB'S BAR-B-Q (MOBILE),7768 CASS ST,TATTOO BOB'S BAR-B-Q (MOBILE),TATTOO BOB'S BAR-B-Q (MOBILE),TATTOO BOB'S BAR-B-Q (MOBILE)
TANGIER TEMPLE,2823 S 84th St,TANGIER TEMPLE,TANGIER TEMPLE,TANGIER TEMPLE
TACO BELL #35288,6110 N 72nd ST,TACO BELL #35288,TACO BELL #35288,TACO BELL #35288
TACO BELL #35283,14606 W MAPLE RD,TACO BELL #35283,TACO BELL #35283,TACO BELL #35283
TACO BELL #35276,12075 W CENTER RD,TACO BELL #35276,TACO BELL #35276,TACO BELL #35276
TACO BELL #35271,3211 N 108 ST,TACO BELL #35271,TACO BELL #35271,TACO BELL #35271
T Maries Homestyle Foods & Seafoods,2414 Patrick Ave,T Maries Homestyle Foods & Seafoods,T Maries Homestyle Foods & Seafoods,T Maries Homestyle Foods & Seafoods
T & A GROCERIES,3247 N 42 ST,T & A GROCERIES,T & A GROCERIES,T & A GROCERIES
Sur La Table,10353 Pacific St,Sur La Table,Sur La Table,Sur La Table
Sugar Coma Custom Treats,14236 U St,Sugar Coma Custom Treats,Sugar Coma Custom Treats,Sugar Coma Custom Treats
Subway Subs & Salads Shop #54902,693 N 132nd St,Subway Subs & Salads Shop #54902,Subway Subs & Salads Shop #54902,Subway Subs & Salads Shop #54902
Subway,12243 W Center RD,Subway,Subway,Subway
Subway,10780 M ST,Subway,Subway,Subway
Subway,7444 Pacific,Subway,Subway,Subway
Subway,4455 N 72nd St,Subway,Subway,Subway
Stokin' Goat, 15805 W Maple Rd  Ste #101 ,Stokin' Goat,Stokin' Goat,Stokin' Goat
Still Poppin Gourment Popcorn,8501 N 30th,Still Poppin Gourment Popcorn,Still Poppin Gourment Popcorn,Still Poppin Gourment Popcorn
Steak & Grapes,16920 Wright Plaza #118,Steak & Grapes,Steak & Grapes,Steak & Grapes
Starbucks Coffee #48930,815 N 204th Ave,Starbucks Coffee #48930,Starbucks Coffee #48930,Starbucks Coffee #48930
Starbucks @ Durham, 981200 Nebraska Med Ctr  Ste 34310 ,Starbucks @ Durham,Starbucks @ Durham,Starbucks @ Durham
St Pius X School,6905 Blondo,St Pius X School,St Pius X School,St Pius X School
St Paul Lutheran,5020 Grand AVE,St Paul Lutheran,St Paul Lutheran,St Paul Lutheran
St Margaret Mary,123 N 61st St,St Margaret Mary,St Margaret Mary,St Margaret Mary
South Omaha Boys Club,5051 S 22nd,South Omaha Boys Club,South Omaha Boys Club,South Omaha Boys Club
Soco Care,4724 N 24th St,Soco Care,Soco Care,Soco Care
Snowland, 3001 S 144th St  Ste 2029 ,Snowland,Snowland,Snowland
Smoothie King,4004 N 132nd St,Smoothie King,Smoothie King,Smoothie King
Simply Delicious Restaurant,215 N Spruce ST,Simply Delicious Restaurant,Simply Delicious Restaurant,Simply Delicious Restaurant
Serendipity Chocolate (Mobile 3), 3599 County Road F  Tekamah ,Serendipity Chocolate (Mobile 3),Serendipity Chocolate (Mobile 3),Serendipity Chocolate (Mobile 3)
Scooters Coffee House,5405 S 72nd ST,Scooters Coffee House,Scooters Coffee House,Scooters Coffee House
Scooters Coffee,3206 N 90 St,Scooters Coffee,Scooters Coffee,Scooters Coffee
Scooter's Coffeehouse,5233 S 96th ST,Scooter's Coffeehouse,Scooter's Coffeehouse,Scooter's Coffeehouse
Scooter's Coffee,5502 S 84th ST,Scooter's Coffee,Scooter's Coffee,Scooter's Coffee
Scooter's,16804 Decatur St,Scooter's,Scooter's,Scooter's
Scooter's,17151 Davenport St #107,Scooter's,Scooter's,Scooter's
Sand Bar,3809 N 90th,Sand Bar,Sand Bar,Sand Bar
Salween Thai,7425 Pacific St,Salween Thai,Salween Thai,Salween Thai
Salsarita's Omaha 72nd,510 S 72nd St,Salsarita's Omaha 72nd,Salsarita's Omaha 72nd,Salsarita's Omaha 72nd
SZECHUAN EXPRESS INC,315 N 114 ST,SZECHUAN EXPRESS INC,SZECHUAN EXPRESS INC,SZECHUAN EXPRESS INC
SWEET CAKES AND ROSES,14040 ARBOR ST,SWEET CAKES AND ROSES,SWEET CAKES AND ROSES,SWEET CAKES AND ROSES
SUSHI JAPAN/YAKINIKU BOY,14134 W CENTER RD,SUSHI JAPAN/YAKINIKU BOY,SUSHI JAPAN/YAKINIKU BOY,SUSHI JAPAN/YAKINIKU BOY
SMOKIN BARREL,13510 Discovery Dr,SMOKIN BARREL,SMOKIN BARREL,SMOKIN BARREL
SHELLY'S DIPPIN DOTS @ BAXTER ARENA,2425 S 67 St,SHELLY'S DIPPIN DOTS @ BAXTER ARENA,SHELLY'S DIPPIN DOTS @ BAXTER ARENA,SHELLY'S DIPPIN DOTS @ BAXTER ARENA
SHANGHAI GARDEN,3118 S 24 ST,SHANGHAI GARDEN,SHANGHAI GARDEN,SHANGHAI GARDEN
SHADOW RIDGE COUNTRY CLUB,1501 S 188 PLZ,SHADOW RIDGE COUNTRY CLUB,SHADOW RIDGE COUNTRY CLUB,SHADOW RIDGE COUNTRY CLUB
SECONDARY SUCCESS PROGRAM,3030 SPAULDING ST,SECONDARY SUCCESS PROGRAM,SECONDARY SUCCESS PROGRAM,SECONDARY SUCCESS PROGRAM
SALVATION ARMY ADULT REHAB CENTER,2551 DODGE ST,SALVATION ARMY ADULT REHAB CENTER,SALVATION ARMY ADULT REHAB CENTER,SALVATION ARMY ADULT REHAB CENTER
SAIGON SURFACE,324 S 14 ST,SAIGON SURFACE,SAIGON SURFACE,SAIGON SURFACE
Runza,10769 Q ST,Runza,Runza,Runza
Runza,13236 Arbor Plz,Runza,Runza,Runza
Runza,2952 Farnam,Runza,Runza,Runza
Runza,13435 Q ST,Runza,Runza,Runza
Rizin Japanese Ramen,2814 S 108th St,Rizin Japanese Ramen,Rizin Japanese Ramen,Rizin Japanese Ramen
Rico Pan Bakery,4030 S 24th St,Rico Pan Bakery,Rico Pan Bakery,Rico Pan Bakery
Razzy's Deli,2615 N 90th,Razzy's Deli,Razzy's Deli,Razzy's Deli
Ray's Catering Company,8501 N 30 St,Ray's Catering Company,Ray's Catering Company,Ray's Catering Company
Ramdas/DBA Rama Thai,17903 Pierce Plz,Ramdas/DBA Rama Thai,Ramdas/DBA Rama Thai,Ramdas/DBA Rama Thai
Raising Canes Chicken Fingers,10000 California ST STE 3148,Raising Canes Chicken Fingers,Raising Canes Chicken Fingers,Raising Canes Chicken Fingers
Raising Cane's,14548 W Center RD,Raising Cane's,Raising Cane's,Raising Cane's
RUSSELL STOVER CANDIES,721 S 72 ST,RUSSELL STOVER CANDIES,RUSSELL STOVER CANDIES,RUSSELL STOVER CANDIES
ROMEO'S WEST,14630 W CENTER RD,ROMEO'S WEST,ROMEO'S WEST,ROMEO'S WEST
ROMEO'S MEX FOOD & PIZZA,9555 L ST,ROMEO'S MEX FOOD & PIZZA,ROMEO'S MEX FOOD & PIZZA,ROMEO'S MEX FOOD & PIZZA
ROMAN COIN PIZZA,9735 Q ST,ROMAN COIN PIZZA,ROMAN COIN PIZZA,ROMAN COIN PIZZA
RHYTHMS LOUNGE & BISTRO,10841 Q ST,RHYTHMS LOUNGE & BISTRO,RHYTHMS LOUNGE & BISTRO,RHYTHMS LOUNGE & BISTRO
REPORT IN PUB,12100 W CENTER,REPORT IN PUB,REPORT IN PUB,REPORT IN PUB
RELAX INN MOTEL SUITES,4578 S 60 ST,RELAX INN MOTEL SUITES,RELAX INN MOTEL SUITES,RELAX INN MOTEL SUITES
REGIS FOOD MART #3,2810 S 108 ST,REGIS FOOD MART #3,REGIS FOOD MART #3,REGIS FOOD MART #3
REGIS FOOD MART,7202 F ST,REGIS FOOD MART,REGIS FOOD MART,REGIS FOOD MART
RED ROBIN GOURMET BURGERS,2627 S 180 ST,RED ROBIN GOURMET BURGERS,RED ROBIN GOURMET BURGERS,RED ROBIN GOURMET BURGERS
RED MANGO,10349 PACIFIC ST,RED MANGO,RED MANGO,RED MANGO
RED LOBSTER #0115,330 S 72 ST,RED LOBSTER #0115,RED LOBSTER #0115,RED LOBSTER #0115
RALSTON HIGH SCHOOL,8545 PARK DR,RALSTON HIGH SCHOOL,RALSTON HIGH SCHOOL,RALSTON HIGH SCHOOL
R & L Meat Processing,15309 Harvest LN,R & L Meat Processing,R & L Meat Processing,R & L Meat Processing
Quik Trip Corporation,13007 Q ST,Quik Trip Corporation,Quik Trip Corporation,Quik Trip Corporation
Quik Trip #597,8727 Maple ST,Quik Trip #597,Quik Trip #597,Quik Trip #597
Quik Trip #588,4212 S 84th ST,Quik Trip #588,Quik Trip #588,Quik Trip #588
Quik Trip #580,6045 L ST,Quik Trip #580,Quik Trip #580,Quik Trip #580
Qdoba,1110 S 71st St Ste D,Qdoba,Qdoba,Qdoba
Q MARKET,140 S 40 ST,Q MARKET,Q MARKET,Q MARKET
Prairie Life Center,2275 S 132nd,Prairie Life Center,Prairie Life Center,Prairie Life Center
Popeye's Chicken & Biscuits,6102 Ames Ave,Popeye's Chicken & Biscuits,Popeye's Chicken & Biscuits,Popeye's Chicken & Biscuits
Pomodoro Fresh Italian (Mobile),40 Arena Way Council Bluffs,Pomodoro Fresh Italian (Mobile),Pomodoro Fresh Italian (Mobile),Pomodoro Fresh Italian (Mobile)
Persis Indian Grill, 2012 117th Ave,Persis Indian Grill,Persis Indian Grill,Persis Indian Grill
Perkins Restaurant & Bakery,2545 Abbott Plz,Perkins Restaurant & Bakery,Perkins Restaurant & Bakery,Perkins Restaurant & Bakery
PepperJax Grill,8406 Park DR,PepperJax Grill,PepperJax Grill,PepperJax Grill
Paradise Bakery & Cafe,120 Regency Pkwy #156,Paradise Bakery & Cafe,Paradise Bakery & Cafe,Paradise Bakery & Cafe
Papa John's,4263 S 144th ST,Papa John's,Papa John's,Papa John's
Panera Bread #1204,13410 W MAPLE RD,Panera Bread #1204,Panera Bread #1204,Panera Bread #1204
Panda Express #1803,17627 GOLD PLZ,Panda Express #1803,Panda Express #1803,Panda Express #1803
PUERTO VALLARTA,4875 L ST,PUERTO VALLARTA,PUERTO VALLARTA,PUERTO VALLARTA
POTBELLY SANDWICH SHOP,7425 DODGE ST,POTBELLY SANDWICH SHOP,POTBELLY SANDWICH SHOP,POTBELLY SANDWICH SHOP
POP'S PLACE,3520 F ST,POP'S PLACE,POP'S PLACE,POP'S PLACE
PITSTOP INC,4015 S 42 ST,PITSTOP INC,PITSTOP INC,PITSTOP INC
PIPELINE TAVERN,1300 S 72 ST,PIPELINE TAVERN,PIPELINE TAVERN,PIPELINE TAVERN
PIERO'S BAKERY,6619 SUNSHINE DR,PIERO'S BAKERY,PIERO'S BAKERY,PIERO'S BAKERY
PF Chang's China Bistro,10150 CALIFORNIA ST,PF Chang's China Bistro,PF Chang's China Bistro,PF Chang's China Bistro
PARKING LOT (THE),5820 S 99 ST,PARKING LOT (THE),PARKING LOT (THE),PARKING LOT (THE)
PANDA HOUSE,301 S 16 ST,PANDA HOUSE,PANDA HOUSE,PANDA HOUSE
PANADERIA EL PARAISO,3811 Q St,PANADERIA EL PARAISO,PANADERIA EL PARAISO,PANADERIA EL PARAISO
Oven,1010 HOWARD ST,Oven,Oven,Oven
Omaha Oriental Food & Gifts,10737 Mockingbird DR,Omaha Oriental Food & Gifts,Omaha Oriental Food & Gifts,Omaha Oriental Food & Gifts
Omaha Lounge,1505 Farnam ST,Omaha Lounge,Omaha Lounge,Omaha Lounge
Omaha Gun Club,2828 S. 82nd Ave,Omaha Gun Club,Omaha Gun Club,Omaha Gun Club
Omaha Cake Design,8406 Q St,Omaha Cake Design,Omaha Cake Design,Omaha Cake Design
Olsen Bake Shop,1708 S 10th,Olsen Bake Shop,Olsen Bake Shop,Olsen Bake Shop
Olive Garden Italian Restaurant,7505 Dodge ST,Olive Garden Italian Restaurant,Olive Garden Italian Restaurant,Olive Garden Italian Restaurant
Old Market Blue,416 S 12th ST,Old Market Blue,Old Market Blue,Old Market Blue
Old Chicago,13110 Birch Dr #180,Old Chicago,Old Chicago,Old Chicago
Oklahoma Joe's BBQ,1912 S 67 St,Oklahoma Joe's BBQ,Oklahoma Joe's BBQ,Oklahoma Joe's BBQ
OUTBACK STEAKHOUSE,2414 S 132 ST,OUTBACK STEAKHOUSE,OUTBACK STEAKHOUSE,OUTBACK STEAKHOUSE
ORSI'S ITALIAN BAKERY,621 PACIFIC ST,ORSI'S ITALIAN BAKERY,ORSI'S ITALIAN BAKERY,ORSI'S ITALIAN BAKERY
OPEN DOOR MISSION,2828 N 23 ST,OPEN DOOR MISSION,OPEN DOOR MISSION,OPEN DOOR MISSION
OMCW LLC dba:Candlewood Suites,13003 I Street,OMCW LLC dba:Candlewood Suites,OMCW LLC dba:Candlewood Suites,OMCW LLC dba:Candlewood Suites
OMAHA TOWER CAFÉ (THE),2120 S 72 ST,OMAHA TOWER CAFÉ (THE),OMAHA TOWER CAFÉ (THE),OMAHA TOWER CAFÉ (THE)
OMAHA TAP HOUSE,1403 FARNAM ST STE 136,OMAHA TAP HOUSE,OMAHA TAP HOUSE,OMAHA TAP HOUSE
OMAHA MARRIOTT HOTEL,10220 Regency CIR,OMAHA MARRIOTT HOTEL,OMAHA MARRIOTT HOTEL,OMAHA MARRIOTT HOTEL
O'Tillie Pork & Pantry,8501 N 30th St,O'Tillie Pork & Pantry,O'Tillie Pork & Pantry,O'Tillie Pork & Pantry
Nuestra Familia Supermercado #733,2900 Leavenworth,Nuestra Familia Supermercado #733,Nuestra Familia Supermercado #733,Nuestra Familia Supermercado #733
Nuestra Familia Supermercado,3548 Q ST,Nuestra Familia Supermercado,Nuestra Familia Supermercado,Nuestra Familia Supermercado
Novedates Ventura,3173 Leavenworth St,Novedates Ventura,Novedates Ventura,Novedates Ventura
Nguyen's Cafeteria,4501 S 36th,Nguyen's Cafeteria,Nguyen's Cafeteria,Nguyen's Cafeteria
New Vision Omaha,1425 N 18th ST,New Vision Omaha,New Vision Omaha,New Vision Omaha
Nest Lounge,2638 S 158th Plz,Nest Lounge,Nest Lounge,Nest Lounge
Nebraska Methodist Hospital,8303 Dodge,Nebraska Methodist Hospital,Nebraska Methodist Hospital,Nebraska Methodist Hospital
Nathan Hale Jr High,6142 Whitmore,Nathan Hale Jr High,Nathan Hale Jr High,Nathan Hale Jr High
NORTHWEST SR HIGH,8204 CROWN POINT AVE,NORTHWEST SR HIGH,NORTHWEST SR HIGH,NORTHWEST SR HIGH
N K Family Asian Market,3040 Ames Ave,N K Family Asian Market,N K Family Asian Market,N K Family Asian Market
My Pie Pizza,2085 N 120th ST STE D6,My Pie Pizza,My Pie Pizza,My Pie Pizza
Mutual of Omaha,3301 DODGE ST PLAZA,Mutual of Omaha,Mutual of Omaha,Mutual of Omaha
Mula,3932 Farnam ST,Mula,Mula,Mula
Mosiac Pickle (Mobile),2851 Capehart RD.,Mosiac Pickle (Mobile),Mosiac Pickle (Mobile),Mosiac Pickle (Mobile)
Mogshaze,2101 Woolworth AVE,Mogshaze,Mogshaze,Mogshaze
Modern Love,3157 Farnam St,Modern Love,Modern Love,Modern Love
Mockingbird Lanes,4870 S 96th ST,Mockingbird Lanes,Mockingbird Lanes,Mockingbird Lanes
Mitch's Pub,5106 N 156th,Mitch's Pub,Mitch's Pub,Mitch's Pub
Midtown Gas & Grocery,2302 S 13th St,Midtown Gas & Grocery,Midtown Gas & Grocery,Midtown Gas & Grocery
Mid America Center,  1 Arena Way Council Bluffs ,Mid America Center,Mid America Center,Mid America Center
Mega Saver Mart,1910 N 144th ST,Mega Saver Mart,Mega Saver Mart,Mega Saver Mart
Mega Saver,5101 S 24th ST,Mega Saver,Mega Saver,Mega Saver
McMillan Jr High School,3802 Redick,McMillan Jr High School,McMillan Jr High School,McMillan Jr High School
McDonald's #38180,1925 N 72nd St,McDonald's #38180,McDonald's #38180,McDonald's #38180
McDonald's,9009 Old Military RD,McDonald's,McDonald's,McDonald's
Mary's Tortilleria,3302 Q St,Mary's Tortilleria,Mary's Tortilleria,Mary's Tortilleria
Mary Our Queen School,3405 S 119th,Mary Our Queen School,Mary Our Queen School,Mary Our Queen School
Malara's Italian Restaurant,2123 Pierce,Malara's Italian Restaurant,Malara's Italian Restaurant,Malara's Italian Restaurant
Madonna Rehabilitation Hospital Omaha,17500 Burke ST,Madonna Rehabilitation Hospital Omaha,Madonna Rehabilitation Hospital Omaha,Madonna Rehabilitation Hospital Omaha
MJER help LLC, 40 Arena Way #11  Council Bluffs ,MJER help LLC,MJER help LLC,MJER help LLC
MINI FUNNEL CAKE DONUT EXPRESS,7300 Q ST -RALSTON,MINI FUNNEL CAKE DONUT EXPRESS,MINI FUNNEL CAKE DONUT EXPRESS,MINI FUNNEL CAKE DONUT EXPRESS
MIDTOWN GAS,1349 PARK AVE,MIDTOWN GAS,MIDTOWN GAS,MIDTOWN GAS
METHODIST WOMENS HOSPITAL,707 N 190 PLZ,METHODIST WOMENS HOSPITAL,METHODIST WOMENS HOSPITAL,METHODIST WOMENS HOSPITAL
MENARDS,7337 L ST,MENARDS,MENARDS,MENARDS
MAPLEWOOD LANES,3030 N 101 ST,MAPLEWOOD LANES,MAPLEWOOD LANES,MAPLEWOOD LANES
MANTRA BAR & GRILLE,6913 MAPLE ST,MANTRA BAR & GRILLE,MANTRA BAR & GRILLE,MANTRA BAR & GRILLE
M's Pub,422 S 11th St,M's Pub,M's Pub,M's Pub
Lutfi's Fried Fish,2822 N 88th St,Lutfi's Fried Fish,Lutfi's Fried Fish,Lutfi's Fried Fish
Louie M's,1718 Vinton ST,Louie M's,Louie M's,Louie M's
LongHorn Steakhouse #5422,7425 Dodge St Ste 103,LongHorn Steakhouse #5422,LongHorn Steakhouse #5422,LongHorn Steakhouse #5422
Long John Silver's,5023 S 108th ST,Long John Silver's,Long John Silver's,Long John Silver's
Little King,508 S 12th ST,Little King,Little King,Little King
Little Ceasars Pizza,8411 W Center,Little Ceasars Pizza,Little Ceasars Pizza,Little Ceasars Pizza
Little Caesar's Pizza,15619 W Dodge RD,Little Caesar's Pizza,Little Caesar's Pizza,Little Caesar's Pizza
Life's Sweeter Side,5801 Oak Hills Dr,Life's Sweeter Side,Life's Sweeter Side,Life's Sweeter Side
Life Time Fitness,17007 Elm Plaza,Life Time Fitness,Life Time Fitness,Life Time Fitness
Laka Lono,1204 Howard ST,Laka Lono,Laka Lono,Laka Lono
La Mesa,15825 W Maple RD,La Mesa,La Mesa,La Mesa
La Economica,5520 S 36th ST,La Economica,La Economica,La Economica
La Chiquita Mobile,2322 S 20 St,La Chiquita Mobile,La Chiquita Mobile,La Chiquita Mobile
La Casa Pizzaria,4432 Leavenworth,La Casa Pizzaria,La Casa Pizzaria,La Casa Pizzaria
LOCAL BEER PATIO & KITCHEN,4909 S 135th ST STE 101,LOCAL BEER PATIO & KITCHEN,LOCAL BEER PATIO & KITCHEN,LOCAL BEER PATIO & KITCHEN
LIGHTHOUSE PIZZA,1004 S 74 PLZ,LIGHTHOUSE PIZZA,LIGHTHOUSE PIZZA,LIGHTHOUSE PIZZA
LEWIS AND CLARK JR HIGH,6901 BURT ST,LEWIS AND CLARK JR HIGH,LEWIS AND CLARK JR HIGH,LEWIS AND CLARK JR HIGH
LE VOLTAIRE INC,569 N 155 PLAZA,LE VOLTAIRE INC,LE VOLTAIRE INC,LE VOLTAIRE INC
LE PEEP RESTAURANT,17660 WRIGHT ST #20,LE PEEP RESTAURANT,LE PEEP RESTAURANT,LE PEEP RESTAURANT
LAURITZEN OUTPATIENT CENTER,4014 LEAVENWORTH ST,LAURITZEN OUTPATIENT CENTER,LAURITZEN OUTPATIENT CENTER,LAURITZEN OUTPATIENT CENTER
LA BUVETTE,511 S 11 ST,LA BUVETTE,LA BUVETTE,LA BUVETTE
Kwik Shop #665,15556 Blondo,Kwik Shop #665,Kwik Shop #665,Kwik Shop #665
Kwik Shop #652,3222 Q ST,Kwik Shop #652,Kwik Shop #652,Kwik Shop #652
Kracky McGee's Woodmen Tower,1700 Farnam ST,Kracky McGee's Woodmen Tower,Kracky McGee's Woodmen Tower,Kracky McGee's Woodmen Tower
Korea Garden,5352 S 72nd ST,Korea Garden,Korea Garden,Korea Garden
Kona Grill,295 N 170th ST,Kona Grill,Kona Grill,Kona Grill
Kolache Factory,4105 S 84th St,Kolache Factory,Kolache Factory,Kolache Factory
Kitchen Table Central,4952 Dodge St,Kitchen Table Central,Kitchen Table Central,Kitchen Table Central
Kikka Sushi @ Whole Foods Regency,10020 Regency CIR,Kikka Sushi @ Whole Foods Regency,Kikka Sushi @ Whole Foods Regency,Kikka Sushi @ Whole Foods Regency
Karen Grocery LLC,6115 AMES AVE,Karen Grocery LLC,Karen Grocery LLC,Karen Grocery LLC
KURRY XPRESS,14132 ARBOR ST,KURRY XPRESS,KURRY XPRESS,KURRY XPRESS
KFC/Long John Silvers,7601 N 30th ST,KFC/Long John Silvers,KFC/Long John Silvers,KFC/Long John Silvers
KFC,2555 S 175th ST,KFC,KFC,KFC
Juniors Forgot Store Bar and Grill,11909 Calhoun Rd,Juniors Forgot Store Bar and Grill,Juniors Forgot Store Bar and Grill,Juniors Forgot Store Bar and Grill
Jimmy John's,8406 Park DR,Jimmy John's,Jimmy John's,Jimmy John's
Jimmy John's,9909 Reddick CIR,Jimmy John's,Jimmy John's,Jimmy John's
Jimmy John's,13939 S Plz,Jimmy John's,Jimmy John's,Jimmy John's
Jim & Jenny's Greek Village,3026 N 90th,Jim & Jenny's Greek Village,Jim & Jenny's Greek Village,Jim & Jenny's Greek Village
Jewell (The),1030 Capitol Ave,Jewell (The),Jewell (The),Jewell (The)
Jazz A Louisiana Kitchen,1421 FARNAM ST,Jazz A Louisiana Kitchen,Jazz A Louisiana Kitchen,Jazz A Louisiana Kitchen
Java Daddies Van (Mobile),1120 Howard,Java Daddies Van (Mobile),Java Daddies Van (Mobile),Java Daddies Van (Mobile)
Jack's Discount Tobacco & Liquor,721 N 120TH ST,Jack's Discount Tobacco & Liquor,Jack's Discount Tobacco & Liquor,Jack's Discount Tobacco & Liquor
JUICE STOP,3693 N 129 ST,JUICE STOP,JUICE STOP,JUICE STOP
JOURNEY'S BAR & GRILL,2236 N 91 PLZ,JOURNEY'S BAR & GRILL,JOURNEY'S BAR & GRILL,JOURNEY'S BAR & GRILL
JOSEPHINE'S COZY CORNER INC,2201 PIERCE ST,JOSEPHINE'S COZY CORNER INC,JOSEPHINE'S COZY CORNER INC,JOSEPHINE'S COZY CORNER INC
JONE'S BROTHERS CUPCAKES,2121 S 67 ST,JONE'S BROTHERS CUPCAKES,JONE'S BROTHERS CUPCAKES,JONE'S BROTHERS CUPCAKES
JOE'S CAFÉ,6564 MAPLE ST,JOE'S CAFÉ,JOE'S CAFÉ,JOE'S CAFÉ
JASON'S DELI,12320 L ST,JASON'S DELI,JASON'S DELI,JASON'S DELI
International Bakery,5106 S 24 ST,International Bakery,International Bakery,International Bakery
IKA San, 1114 Jones St,IKA San,IKA San,IKA San
IHOP #5338,4707 N 72 ST,IHOP #5338,IHOP #5338,IHOP #5338
Hy-Vee Gas #6,9601 Q ST,Hy-Vee Gas #6,Hy-Vee Gas #6,Hy-Vee Gas #6
Hy-Vee #8,747 N 132nd,Hy-Vee #8,Hy-Vee #8,Hy-Vee #8
Hy-Vee #6,9707 Q ST,Hy-Vee #6,Hy-Vee #6,Hy-Vee #6
Hy-Vee #11,1000 S 178th ST,Hy-Vee #11,Hy-Vee #11,Hy-Vee #11
Hotel RL,3321 S 72nd St,Hotel RL,Hotel RL,Hotel RL
Holiday Inn/Vida,3650 S 72 ST,Holiday Inn/Vida,Holiday Inn/Vida,Holiday Inn/Vida
Holiday Inn Express & Suites Ralston,7306 Q ST,Holiday Inn Express & Suites Ralston,Holiday Inn Express & Suites Ralston,Holiday Inn Express & Suites Ralston
Holiday Inn Express,11818 Miami St,Holiday Inn Express,Holiday Inn Express,Holiday Inn Express
Hissho Sushi @ Creighton,2400 Cass St,Hissho Sushi @ Creighton,Hissho Sushi @ Creighton,Hissho Sushi @ Creighton
Hissho Sushi,505 N 155th Plaza,Hissho Sushi,Hissho Sushi,Hissho Sushi
High Peak Asian Restaurant,333 N 78th St,High Peak Asian Restaurant,High Peak Asian Restaurant,High Peak Asian Restaurant
Heartland Intergenerational Center,4318 Fort ST,Heartland Intergenerational Center,Heartland Intergenerational Center,Heartland Intergenerational Center
Hawk's Pizzas (Mobile),2851 Capehart RD,Hawk's Pizzas (Mobile),Hawk's Pizzas (Mobile),Hawk's Pizzas (Mobile)
Hampton Inn & Suites,1212 CUMING ST,Hampton Inn & Suites,Hampton Inn & Suites,Hampton Inn & Suites
HUNAN FUSION,2405 S 132 ST,HUNAN FUSION,HUNAN FUSION,HUNAN FUSION
HUB FIREBOX CATERING,15791 W DODGE RD STE 130-131,HUB FIREBOX CATERING,HUB FIREBOX CATERING,HUB FIREBOX CATERING
HOME FOODS,7515 PACIFIC ST,HOME FOODS,HOME FOODS,HOME FOODS
HECTOR'S RESTAURANT,1201 S 157 ST,HECTOR'S RESTAURANT,HECTOR'S RESTAURANT,HECTOR'S RESTAURANT
HDR Café,1917 S 67St,HDR Café,HDR Café,HDR Café
HAROLD'S BAR,8558 BLONDO ST,HAROLD'S BAR,HAROLD'S BAR,HAROLD'S BAR
HAPPY HOLLOW CLUB,1701 S 105th,HAPPY HOLLOW CLUB,HAPPY HOLLOW CLUB,HAPPY HOLLOW CLUB
Gurung Brothers LLC,822 N 40th ST,Gurung Brothers LLC,Gurung Brothers LLC,Gurung Brothers LLC
Great Wall,1016 N 204 ST,Great Wall,Great Wall,Great Wall
Great Harvest Bread Company,15623 W Dodge RD,Great Harvest Bread Company,Great Harvest Bread Company,Great Harvest Bread Company
Golden Grocery Store,6341 N 24 ST,Golden Grocery Store,Golden Grocery Store,Golden Grocery Store
Godfathers Pizza,14139 Q ST,Godfathers Pizza,Godfathers Pizza,Godfathers Pizza
GROVER ICE,6171 GROVER ST,GROVER ICE,GROVER ICE,GROVER ICE
GREEN ONION,11414 DAVENPORT ST,GREEN ONION,GREEN ONION,GREEN ONION
GREEN BEANS COFFEE,6831 S 167 ST,GREEN BEANS COFFEE,GREEN BEANS COFFEE,GREEN BEANS COFFEE
GRANT STREET BAR & GRILL,8919 Grant ST,GRANT STREET BAR & GRILL,GRANT STREET BAR & GRILL,GRANT STREET BAR & GRILL
GRANITE CITY,1001 N 102nd ST,GRANITE CITY,GRANITE CITY,GRANITE CITY
GRAND CHINA BUFFET,11226 Chicago CIR,GRAND CHINA BUFFET,GRAND CHINA BUFFET,GRAND CHINA BUFFET
GORAT'S STEAK HOUSE,4917 CENTER ST,GORAT'S STEAK HOUSE,GORAT'S STEAK HOUSE,GORAT'S STEAK HOUSE
GIRLS INC OF OMAHA,2811 N 45 ST,GIRLS INC OF OMAHA,GIRLS INC OF OMAHA,GIRLS INC OF OMAHA
GENESIS HEALTH CLUBS,14651 SPRAGUE ST,GENESIS HEALTH CLUBS,GENESIS HEALTH CLUBS,GENESIS HEALTH CLUBS
G's Food Inc dba/ Beyond BBQ (MOBILE),1003 Chicago AVE,G's Food Inc dba/ Beyond BBQ (MOBILE),G's Food Inc dba/ Beyond BBQ (MOBILE),G's Food Inc dba/ Beyond BBQ (MOBILE)
Fresh Thyme Farmers Market,14949 Evans PLZ,Fresh Thyme Farmers Market,Fresh Thyme Farmers Market,Fresh Thyme Farmers Market
Freddy's Frozen Custard & Steakburgers,5210 S 136 ST,Freddy's Frozen Custard & Steakburgers,Freddy's Frozen Custard & Steakburgers,Freddy's Frozen Custard & Steakburgers
Fraternal Order Eagles #38,201 S 24 ST,Fraternal Order Eagles #38,Fraternal Order Eagles #38,Fraternal Order Eagles #38
First Watch,2855 S 168 ST,First Watch,First Watch,First Watch
Film Streams Dundee Theatre,4952 Dodge St,Film Streams Dundee Theatre,Film Streams Dundee Theatre,Film Streams Dundee Theatre
Farnam Market @ Mutual Omaha,3314 Farnam St,Farnam Market @ Mutual Omaha,Farnam Market @ Mutual Omaha,Farnam Market @ Mutual Omaha
Farm House Cafe & Delicatessen,3461 S 84 ST,Farm House Cafe & Delicatessen,Farm House Cafe & Delicatessen,Farm House Cafe & Delicatessen
Family Fare #784,14444 W CENTER RD,Family Fare #784,Family Fare #784,Family Fare #784
Family Dollar Store #9369,2601 N 16 ST,Family Dollar Store #9369,Family Dollar Store #9369,Family Dollar Store #9369
Fajitas Bar & Grill,6222 N 72nd St,Fajitas Bar & Grill,Fajitas Bar & Grill,Fajitas Bar & Grill
FRIENDSHIP PROGRAM INC,7315 MAPLE ST,FRIENDSHIP PROGRAM INC,FRIENDSHIP PROGRAM INC,FRIENDSHIP PROGRAM INC
FOOD MART,8204 HARRISON ST - RALSTON,FOOD MART,FOOD MART,FOOD MART
FN TOWER GRAB & GO,1601 Dodge ST,FN TOWER GRAB & GO,FN TOWER GRAB & GO,FN TOWER GRAB & GO
FIREHOUSE SUBS,721 S 72 ST STES 106-107,FIREHOUSE SUBS,FIREHOUSE SUBS,FIREHOUSE SUBS
FIRE BARN,2523 RIVER RD DR-WATERLOO,FIRE BARN,FIRE BARN,FIRE BARN
FEDERAL RESERVE BANK,2201 FARNAM,FEDERAL RESERVE BANK,FEDERAL RESERVE BANK,FEDERAL RESERVE BANK
FANTASY FOOD & FUEL,16960 EVANS PLZ,FANTASY FOOD & FUEL,FANTASY FOOD & FUEL,FANTASY FOOD & FUEL
FAMOUS DAVE'S BBQ,12020 ANNE ST,FAMOUS DAVE'S BBQ,FAMOUS DAVE'S BBQ,FAMOUS DAVE'S BBQ
FAMILY FARE,5025 GROVER ST,FAMILY FARE,FAMILY FARE,FAMILY FARE
FAIRFIELD INN & SUITES WEST OMAHA,17240 WRIGHT ST,FAIRFIELD INN & SUITES WEST OMAHA,FAIRFIELD INN & SUITES WEST OMAHA,FAIRFIELD INN & SUITES WEST OMAHA
Exist Green, 4914 Underwood Ave.,Exist Green,Exist Green,Exist Green
El Catrin Restaurant,6500 RAILROAD AVE,El Catrin Restaurant,El Catrin Restaurant,El Catrin Restaurant
Easy Drive Pkg,5124 N 24 St,Easy Drive Pkg,Easy Drive Pkg,Easy Drive Pkg
EVEN HOTELS OMAHA DOWNTOWN,2220 Farnam ST,EVEN HOTELS OMAHA DOWNTOWN,EVEN HOTELS OMAHA DOWNTOWN,EVEN HOTELS OMAHA DOWNTOWN
EMBASSY SUITES HOTEL,555 S 10 ST,EMBASSY SUITES HOTEL,EMBASSY SUITES HOTEL,EMBASSY SUITES HOTEL
ELEMENT OMAHA AT MIDTOWN CROSSING,3253 DODGE ST,ELEMENT OMAHA AT MIDTOWN CROSSING,ELEMENT OMAHA AT MIDTOWN CROSSING,ELEMENT OMAHA AT MIDTOWN CROSSING
EDDIE'S CATERING,5009 S 24 ST,EDDIE'S CATERING,EDDIE'S CATERING,EDDIE'S CATERING
EAT THE WORM,1213 HOWARD ST,EAT THE WORM,EAT THE WORM,EAT THE WORM
Dragon Wok, 14220 Fort St  Ste 105 ,Dragon Wok,Dragon Wok,Dragon Wok
Doubletree Hotel & Executive Meeting Ctr,1616 DODGE ST,Doubletree Hotel & Executive Meeting Ctr,Doubletree Hotel & Executive Meeting Ctr,Doubletree Hotel & Executive Meeting Ctr
Doner King, 2505 N 24th St  Ste 409C ,Doner King,Doner King,Doner King
Dominos Pizza,3439 L ST,Dominos Pizza,Dominos Pizza,Dominos Pizza
Dominos,3818 N 156th ST,Dominos,Dominos,Dominos
Domino's Pizza,2728 St. Marys Ave,Domino's Pizza,Domino's Pizza,Domino's Pizza
Dollar Tree Store #2308,3066 N 90th ST,Dollar Tree Store #2308,Dollar Tree Store #2308,Dollar Tree Store #2308
Dollar Tree #7122,9955 Redick Circle,Dollar Tree #7122,Dollar Tree #7122,Dollar Tree #7122
Dollar Tree #5577,5230 S 136 ST,Dollar Tree #5577,Dollar Tree #5577,Dollar Tree #5577
Dollar General Store #7630,13905 S PLZ,Dollar General Store #7630,Dollar General Store #7630,Dollar General Store #7630
Dairy Queen,404 N 114 ST,Dairy Queen,Dairy Queen,Dairy Queen
DUNKIN DONUTS,14271 PACIFIC ST,DUNKIN DONUTS,DUNKIN DONUTS,DUNKIN DONUTS
DUNDEE'S PLACE,7024 MAPLE ST,DUNDEE'S PLACE,DUNDEE'S PLACE,DUNDEE'S PLACE
DUNDEE CORK & BOTTLE,614 N 50 ST,DUNDEE CORK & BOTTLE,DUNDEE CORK & BOTTLE,DUNDEE CORK & BOTTLE
DON & MILLIE'S,8405 Q ST,DON & MILLIE'S,DON & MILLIE'S,DON & MILLIE'S
DJ 'S DUGOUT,2102 S 67th ST,DJ 'S DUGOUT,DJ 'S DUGOUT,DJ 'S DUGOUT
DICK'S VALLEY MARKET,111 E GARDINER ST-VALLEY,DICK'S VALLEY MARKET,DICK'S VALLEY MARKET,DICK'S VALLEY MARKET
DEJA VU LOUNGE,1021 S 178 ST,DEJA VU LOUNGE,DEJA VU LOUNGE,DEJA VU LOUNGE
DAVE & BUSTER'S,2502 S 133 PLZ,DAVE & BUSTER'S,DAVE & BUSTER'S,DAVE & BUSTER'S
DANNYS BAR & GRILL,2007 N 72 ST,DANNYS BAR & GRILL,DANNYS BAR & GRILL,DANNYS BAR & GRILL
DAIRY CHEF,3223 N 204 ST,DAIRY CHEF,DAIRY CHEF,DAIRY CHEF
D.Q. Grill & Chill,5302 S 72ND ST - RALSTON,D.Q. Grill & Chill,D.Q. Grill & Chill,D.Q. Grill & Chill
D'Leon's,11345 DAVENPORT ST,D'Leon's,D'Leon's,D'Leon's
Creighton Student Center,2500 CALIFORNIA ST,Creighton Student Center,Creighton Student Center,Creighton Student Center
Comfort Inn & Suites,7007 GROVER ST,Comfort Inn & Suites,Comfort Inn & Suites,Comfort Inn & Suites
Comfort Inn,10726 J St,Comfort Inn,Comfort Inn,Comfort Inn
Churro Spot,1619 Vinton St,Churro Spot,Churro Spot,Churro Spot
Chocolat Abeille,421 S 114th St,Chocolat Abeille,Chocolat Abeille,Chocolat Abeille
Chick-fil-a @ Sorensen Park Plaza,6310 N 72nd ST,Chick-fil-a @ Sorensen Park Plaza,Chick-fil-a @ Sorensen Park Plaza,Chick-fil-a @ Sorensen Park Plaza
Charley's Grilled Subs,3001 S 144th St #608,Charley's Grilled Subs,Charley's Grilled Subs,Charley's Grilled Subs
Chance Ridge Event Center,508 N Skyline Rd,Chance Ridge Event Center,Chance Ridge Event Center,Chance Ridge Event Center
Chaikhana,2329 N 90 St,Chaikhana,Chaikhana,Chaikhana
Casey's General Store #2987,15275 Weir Plaza,Casey's General Store #2987,Casey's General Store #2987,Casey's General Store #2987
Casey's General Store #2985,5120 S 118th ST,Casey's General Store #2985,Casey's General Store #2985,Casey's General Store #2985
Cantina El Sol,2332 S 24th St,Cantina El Sol,Cantina El Sol,Cantina El Sol
Cafe Le Fleur, 14242 Fort St  Ste 109 ,Cafe Le Fleur,Cafe Le Fleur,Cafe Le Fleur
CVS/Pharmacy #6733,1919 N 90 ST,CVS/Pharmacy #6733,CVS/Pharmacy #6733,CVS/Pharmacy #6733
CROWN POINTE,2820 S 80 ST,CROWN POINTE,CROWN POINTE,CROWN POINTE
CRANE COFFEE/METHODIST HOSPITAL,8303 DODGE ST,CRANE COFFEE/METHODIST HOSPITAL,CRANE COFFEE/METHODIST HOSPITAL,CRANE COFFEE/METHODIST HOSPITAL
CRANE COFFEE,5923 CENTER ST,CRANE COFFEE,CRANE COFFEE,CRANE COFFEE
CRANE COFFEE,3027 S 84 ST,CRANE COFFEE,CRANE COFFEE,CRANE COFFEE
COMMUNITY ALLIANCE INC,7117 JONES ST,COMMUNITY ALLIANCE INC,COMMUNITY ALLIANCE INC,COMMUNITY ALLIANCE INC
COLD STONE CREAMERY,455 N 10 ST,COLD STONE CREAMERY,COLD STONE CREAMERY,COLD STONE CREAMERY
CLARKSON COLLEGE BOOKSTORE,101 S 42 ST,CLARKSON COLLEGE BOOKSTORE,CLARKSON COLLEGE BOOKSTORE,CLARKSON COLLEGE BOOKSTORE
CHUBB FOODS,2905 N 16 ST,CHUBB FOODS,CHUBB FOODS,CHUBB FOODS
CHOP STICK HOUSE,5522 N 103 ST,CHOP STICK HOUSE,CHOP STICK HOUSE,CHOP STICK HOUSE
CHINA TASTE,1702 CUMING ST,CHINA TASTE,CHINA TASTE,CHINA TASTE
CHILI'S SW GRILL & BAR,3202 S 143 PLZ,CHILI'S SW GRILL & BAR,CHILI'S SW GRILL & BAR,CHILI'S SW GRILL & BAR
CHI Health Center Omaha,455 N 10 ST,CHI Health Center Omaha,CHI Health Center Omaha,CHI Health Center Omaha
CHEF HATTAM CATERING,1228 S 6th ST,CHEF HATTAM CATERING,CHEF HATTAM CATERING,CHEF HATTAM CATERING
CHEDDAR'S CASUAL CAFÉ,12152 L ST,CHEDDAR'S CASUAL CAFÉ,CHEDDAR'S CASUAL CAFÉ,CHEDDAR'S CASUAL CAFÉ
CASTELAR ELEMENTARY,2316 S 18 ST,CASTELAR ELEMENTARY,CASTELAR ELEMENTARY,CASTELAR ELEMENTARY
CANDLELIGHT LOUNGE (THE),5031 GROVER ST,CANDLELIGHT LOUNGE (THE),CANDLELIGHT LOUNGE (THE),CANDLELIGHT LOUNGE (THE)
CAKE BOX (THE),501 S 11 ST,CAKE BOX (THE),CAKE BOX (THE),CAKE BOX (THE)
Butterfish,3901 Farnam St,Butterfish,Butterfish,Butterfish
Burgerim, 225 N 12 ST  STE 130 ,Burgerim,Burgerim,Burgerim
Burger King #906,4313 S 24 ST,Burger King #906,Burger King #906,Burger King #906
Burger King #801,11325 W Dodge RD,Burger King #801,Burger King #801,Burger King #801
Burger King #5628,2319 S 13th ST,Burger King #5628,Burger King #5628,Burger King #5628
Burger King #3542,5222 S 138th ST,Burger King #3542,Burger King #3542,Burger King #3542
Burger King #16068,330 N 168th CIR,Burger King #16068,Burger King #16068,Burger King #16068
Burger King #14221,3001 S 144 ST,Burger King #14221,Burger King #14221,Burger King #14221
Burger King #1010,4900 L ST,Burger King #1010,Burger King #1010,Burger King #1010
Buffalo Wings & Rings,12240 L ST,Buffalo Wings & Rings,Buffalo Wings & Rings,Buffalo Wings & Rings
Bucky's Express #40,107 S 40th ST,Bucky's Express #40,Bucky's Express #40,Bucky's Express #40
Boyd and Charlies BBQ #2,1418 S 60th St,Boyd and Charlies BBQ #2,Boyd and Charlies BBQ #2,Boyd and Charlies BBQ #2
Black & White Catering,4150 S 144 St,Black & White Catering,Black & White Catering,Black & White Catering
Baked After Dark,2740 N 61st St,Baked After Dark,Baked After Dark,Baked After Dark
BUSHWACKERS - RALSTON,7401 MAIN ST,BUSHWACKERS - RALSTON,BUSHWACKERS - RALSTON,BUSHWACKERS - RALSTON
BROOKSIDE CAFE,15668 W CENTER RD,BROOKSIDE CAFE,BROOKSIDE CAFE,BROOKSIDE CAFE
BRONCO'S DRIVE IN #0005,1123 S 120 ST,BRONCO'S DRIVE IN #0005,BRONCO'S DRIVE IN #0005,BRONCO'S DRIVE IN #0005
BRICK STREET TAVERN,4936 S 135 ST,BRICK STREET TAVERN,BRICK STREET TAVERN,BRICK STREET TAVERN
BRICK OVEN PIZZERIA,3001 S 144 ST,BRICK OVEN PIZZERIA,BRICK OVEN PIZZERIA,BRICK OVEN PIZZERIA
BRAVO CUCINA ITALIANA,17151 DAVENPORT ST,BRAVO CUCINA ITALIANA,BRAVO CUCINA ITALIANA,BRAVO CUCINA ITALIANA
BOYS TOWN VISITORS CTR CAFE,13628 FLANAGAN,BOYS TOWN VISITORS CTR CAFE,BOYS TOWN VISITORS CTR CAFE,BOYS TOWN VISITORS CTR CAFE
BLUE CROSS BLUE SHIELD,1919 AKSARBEN RD,BLUE CROSS BLUE SHIELD,BLUE CROSS BLUE SHIELD,BLUE CROSS BLUE SHIELD
BLONDO CONVENIENT FOOD MART,6606 BLONDO ST,BLONDO CONVENIENT FOOD MART,BLONDO CONVENIENT FOOD MART,BLONDO CONVENIENT FOOD MART
BIRRICRIA EL CHALAN,4518 S 24th ST,BIRRICRIA EL CHALAN,BIRRICRIA EL CHALAN,BIRRICRIA EL CHALAN
BILLY FROGG'S,1120 Howard ST,BILLY FROGG'S,BILLY FROGG'S,BILLY FROGG'S
BIG RED KENO BAR & GRILL,8100 Cass,BIG RED KENO BAR & GRILL,BIG RED KENO BAR & GRILL,BIG RED KENO BAR & GRILL
BIG FRED LOUNGE AND PIZZA,1101 S 119 ST,BIG FRED LOUNGE AND PIZZA,BIG FRED LOUNGE AND PIZZA,BIG FRED LOUNGE AND PIZZA
BARRETT'S BARLEYCORN,4322 LEAVENWORTH ST,BARRETT'S BARLEYCORN,BARRETT'S BARLEYCORN,BARRETT'S BARLEYCORN
BABY BLUE SUSHI SAKE GRILL,16939 Wright Pl #103,BABY BLUE SUSHI SAKE GRILL,BABY BLUE SUSHI SAKE GRILL,BABY BLUE SUSHI SAKE GRILL
B P O ELKS LDOGE #0039,6310 S 96TH ST,B P O ELKS LDOGE #0039,B P O ELKS LDOGE #0039,B P O ELKS LDOGE #0039
Attack-a-Taco,8706 S 9th St,Attack-a-Taco,Attack-a-Taco,Attack-a-Taco
Astoria Indian Restaurant,5010 S 108th ST,Astoria Indian Restaurant,Astoria Indian Restaurant,Astoria Indian Restaurant
Arby's,5323 CENTER ST,Arby's,Arby's,Arby's
Ansel's Pastrami & Bagels,4007 Farnam St,Ansel's Pastrami & Bagels,Ansel's Pastrami & Bagels,Ansel's Pastrami & Bagels
Anderson Amoco Food Shops,16727 Q ST,Anderson Amoco Food Shops,Anderson Amoco Food Shops,Anderson Amoco Food Shops
Ami's Kitchen,8501 N 30th St,Ami's Kitchen,Ami's Kitchen,Ami's Kitchen
American Legion Post-331 S Omaha,4830 S 21 ST,American Legion Post-331 S Omaha,American Legion Post-331 S Omaha,American Legion Post-331 S Omaha
Ace Sushi @ Fresh Thyme #903,14949 Evans Plz,Ace Sushi @ Fresh Thyme #903,Ace Sushi @ Fresh Thyme #903,Ace Sushi @ Fresh Thyme #903
Abraham Catering Service,5520 MILLER AVE - RALSTON,Abraham Catering Service,Abraham Catering Service,Abraham Catering Service
ASIAN FAMILY MARKET,5916 AMES AVE,ASIAN FAMILY MARKET,ASIAN FAMILY MARKET,ASIAN FAMILY MARKET
ASHLAND PARK/ROBBINS ELEM,5050 S 51 ST,ASHLAND PARK/ROBBINS ELEM,ASHLAND PARK/ROBBINS ELEM,ASHLAND PARK/ROBBINS ELEM
ARBORETUM ON FARNAM (THE),8141 FARNAM DR,ARBORETUM ON FARNAM (THE),ARBORETUM ON FARNAM (THE),ARBORETUM ON FARNAM (THE)
AMERICAN G I FORUM,2002 N St,AMERICAN G I FORUM,AMERICAN G I FORUM,AMERICAN G I FORUM
AMC THEATERS WESTROADS 14,10000 CALIFORNIA,AMC THEATERS WESTROADS 14,AMC THEATERS WESTROADS 14,AMC THEATERS WESTROADS 14
AMAZING PIZZA MACHINE (THE),13955 S S PLZ,AMAZING PIZZA MACHINE (THE),AMAZING PIZZA MACHINE (THE),AMAZING PIZZA MACHINE (THE)
ALPINE INN,10405 CALHOUN ROAD,ALPINE INN,ALPINE INN,ALPINE INN
ALEGENT HEALTH LAKESIDE HOSP,16901 LAKESIDE HILLS,ALEGENT HEALTH LAKESIDE HOSP,ALEGENT HEALTH LAKESIDE HOSP,ALEGENT HEALTH LAKESIDE HOSP
AJ'S CAFÉ ,5146 N 90 ST,AJ'S CAFÉ ,AJ'S CAFÉ ,AJ'S CAFÉ 
AFRICAN FOODS,223 S 25 ST,AFRICAN FOODS,AFRICAN FOODS,AFRICAN FOODS
AFOMA CORNER STORE,5522 S 30 ST,AFOMA CORNER STORE,AFOMA CORNER STORE,AFOMA CORNER STORE
A HILL OF BEANS INC,14512 W CENTER RD,A HILL OF BEANS INC,A HILL OF BEANS INC,A HILL OF BEANS INC
5168 Tap Room,3201 Farnam St #6107,5168 Tap Room,5168 Tap Room,5168 Tap Room
3D BBQ,8501 N 30th St,3D BBQ,3D BBQ,3D BBQ
1000 Degrees Neopolitan Pizzeria,1405 S 204th St #104,1000 Degrees Neopolitan Pizzeria,1000 Degrees Neopolitan Pizzeria,1000 Degrees Neopolitan Pizzeria
